ID,PERMALINK,HASHTAG,IMG URL
1509920433432371226,"https://twitter.com/shakytripod/status/1509920433432371226",nature,"https://pbs.twimg.com/media/FPRQndeXEAY2vKB.jpg"
1509920048156188687,"https://twitter.com/To__Nature/status/1509920048156188687",nature,"https://pbs.twimg.com/media/FPRQQ2-XMAEB9WL.jpg"
1509919563965640707,"https://twitter.com/JoeHollywoodLA/status/1509919563965640707",nature,"https://pbs.twimg.com/media/FPRP1w1VQAM4IWt.jpg"
1509919264614100992,"https://twitter.com/NesreenZ/status/1509919264614100992",nature,"https://pbs.twimg.com/media/FLRHqHcVgAEeAj4.jpg"
1509918481210355720,"https://twitter.com/LeosAnimalPlan1/status/1509918481210355720",nature,"https://pbs.twimg.com/media/FPRNfR8WUAQhadp.jpg"
1509916917221543945,"https://twitter.com/Kat_in_niagara/status/1509916917221543945",nature,"https://pbs.twimg.com/media/FPRNbtIXIAIzKkb.jpg"
1509916054478331916,"https://twitter.com/BethPutnam12/status/1509916054478331916",nature,"https://pbs.twimg.com/media/FPRMpkXXEAQMrms.jpg"
1509915340062535685,"https://twitter.com/Aintright_bl9/status/1509915340062535685",nature,"https://pbs.twimg.com/media/FPRLC7gXEAYINEO.jpg"
1509915214476722183,"https://twitter.com/BethPutnam12/status/1509915214476722183",nature,"https://pbs.twimg.com/media/FPRL4sMX0AIw42I.jpg"
1509914893729910785,"https://twitter.com/DavidCokeley3/status/1509914893729910785",nature,"https://pbs.twimg.com/media/FPRLl8BWUAUYT11.jpg"
1509914445203615744,"https://twitter.com/SaviDraws/status/1509914445203615744",nature,"https://pbs.twimg.com/media/FPRI8WVWQAk4giy.jpg"
1509914406095839232,"https://twitter.com/sulaimandoodle/status/1509914406095839232",nature,"https://pbs.twimg.com/media/FPQ9xgOXEAY4QLS.png"
1509914362668105736,"https://twitter.com/HomeSweetFL1/status/1509914362668105736",nature,"https://pbs.twimg.com/media/FPRLHCVXIBAkStr.jpg"
1509914260255694853,"https://twitter.com/JohnWai_/status/1509914260255694853",nature,"https://pbs.twimg.com/media/FPRLAwXWUAkfgyc.jpg"
1509914247811244037,"https://twitter.com/JohnWai_/status/1509914247811244037",nature,"https://pbs.twimg.com/media/FPRLAAdXwAIfSJo.jpg"
1509913994647293966,"https://twitter.com/Lovenature26/status/1509913994647293966",nature,"https://pbs.twimg.com/media/FPRKxl-XIAknXpi.jpg"
1509913992994693143,"https://twitter.com/Claudia_181975/status/1509913992994693143",nature,"https://pbs.twimg.com/media/FPRKxK-X0Asve7L.jpg"
1509913649703489538,"https://twitter.com/BestierOfficial/status/1509913649703489538",nature,"https://pbs.twimg.com/media/FPRKWLSXsA89vuH.jpg"
1509912745881317381,"https://twitter.com/nadski65/status/1509912745881317381",nature,"https://pbs.twimg.com/media/FPRJo6fXIA0IwoS.jpg"
1509912733319372813,"https://twitter.com/pdimi2/status/1509912733319372813",nature,"https://pbs.twimg.com/media/FPRJiNpWUAsqVra.jpg"
1509912333757423616,"https://twitter.com/daily_esr/status/1509912333757423616",nature,"https://pbs.twimg.com/media/FPRJQyLWUAU9rn8.jpg"
1509911158337286144,"https://twitter.com/DanSimo68724215/status/1509911158337286144",nature,"https://pbs.twimg.com/media/FPRIMTFXMAEPpP7.jpg"
1509910966464655368,"https://twitter.com/ImagesByJonEvan/status/1509910966464655368",nature,"https://pbs.twimg.com/media/FPRIBXMWYAcG8aD.jpg"
1509910821887004683,"https://twitter.com/AnotherAngle7/status/1509910821887004683",nature,"https://pbs.twimg.com/media/FPRH44LWQAAtpy0.jpg"
1509910466641813505,"https://twitter.com/JHCL56/status/1509910466641813505",nature,"https://pbs.twimg.com/media/FPRHkKMVQAUDHKK.jpg"
1509909927053123586,"https://twitter.com/AzEmbPak/status/1509909927053123586",nature,"https://pbs.twimg.com/media/FPRHDt5X0AA_GPv.jpg"
1509909776817430533,"https://twitter.com/IUCN/status/1509909776817430533",nature,"https://pbs.twimg.com/media/FPRG8BwXoAQ09v5.jpg"
1509909171323518991,"https://twitter.com/NLIreland/status/1509909171323518991",nature,"https://pbs.twimg.com/media/FPRGY61XIAopb7c.jpg"
1509909151937445889,"https://twitter.com/ChalseaMeng/status/1509909151937445889",nature,"https://pbs.twimg.com/media/FPRGXyXUYBAayMV.jpg"
1509909013663731712,"https://twitter.com/playinglesshurt/status/1509909013663731712",nature,"https://pbs.twimg.com/media/FPRGPogXEA4XvBz.jpg"
1509908882348556296,"https://twitter.com/fe_photo_/status/1509908882348556296",nature,"https://pbs.twimg.com/media/FPRGH9dXEAIHiqy.jpg"
1509908620724613128,"https://twitter.com/HectorCantres/status/1509908620724613128",nature,"https://pbs.twimg.com/media/FPRF4tCXEAsW4kT.jpg"
1509908452100829191,"https://twitter.com/GreatLakesFungi/status/1509908452100829191",nature,"https://pbs.twimg.com/media/FPMPZ8UXoAQq_7c.jpg"
1509908446002524172,"https://twitter.com/StephenWaycott/status/1509908446002524172",nature,"https://pbs.twimg.com/media/FOx9S3lWYAAYV0y.jpg"
1509908131014651910,"https://twitter.com/TakeTJ1/status/1509908131014651910",nature,"https://pbs.twimg.com/media/FPRFcMUaIAElqym.jpg"
1509908082406858752,"https://twitter.com/TakeTJ1/status/1509908082406858752",nature,"https://pbs.twimg.com/media/FPRFZb2aAAEijv6.jpg"
1509908019576205319,"https://twitter.com/TakeTJ1/status/1509908019576205319",nature,"https://pbs.twimg.com/media/FPRFVrLaIAAtE_Q.jpg"
1509907851027918858,"https://twitter.com/Annakwood/status/1509907851027918858",nature,"https://pbs.twimg.com/media/FPRFKXWWQAU0cVp.jpg"
1509907818320699394,"https://twitter.com/CidaZeeb/status/1509907818320699394",nature,"https://pbs.twimg.com/media/FPRFHUCX0AEWmc1.jpg"
1509907576984535048,"https://twitter.com/inaturalist/status/1509907576984535048",nature,"https://pbs.twimg.com/media/FPRE4uYUYAoegMD.jpg"
1509907529102348291,"https://twitter.com/AaqibAR2195/status/1509907529102348291",nature,"https://pbs.twimg.com/media/FPREynHXMEUy-UF.jpg"
1509907515366330371,"https://twitter.com/SangatGirl3/status/1509907515366330371",nature,"https://pbs.twimg.com/media/FPRE4JUaUAIBQZ0.jpg"
1509907363628789789,"https://twitter.com/JosephHill3794/status/1509907363628789789",nature,"https://pbs.twimg.com/media/FPREu2KXMB8U7Nj.jpg"
1509907202819174429,"https://twitter.com/moulouanne/status/1509907202819174429",nature,"https://pbs.twimg.com/media/FPREl50XMAEen79.jpg"
1509907198528401435,"https://twitter.com/DebraMartz/status/1509907198528401435",nature,"https://pbs.twimg.com/media/FPREl_PWYAkgh-g.jpg"
1509906887386542110,"https://twitter.com/asanchezauthor/status/1509906887386542110",nature,"https://pbs.twimg.com/media/FPREJfEXMAACoOd.jpg"
1509906825193279490,"https://twitter.com/Shinch_an01/status/1509906825193279490",nature,"https://pbs.twimg.com/media/FPRELIHVUAAReOB.jpg"
1509906766204588039,"https://twitter.com/Geethanjali_IFS/status/1509906766204588039",nature,"https://pbs.twimg.com/media/FPREMqHaMAUfGj4.jpg"
1509906287370416130,"https://twitter.com/LiciousCoffee/status/1509906287370416130",nature,"https://pbs.twimg.com/media/FPRDvWVXIAEm6hO.jpg"
1509905825195831303,"https://twitter.com/BigBangSciCom/status/1509905825195831303",nature,"https://pbs.twimg.com/media/FPRDFaLXMBAAHDU.png"
1509905710183858184,"https://twitter.com/thervadvisor/status/1509905710183858184",nature,"https://pbs.twimg.com/media/FPRDO_LXIAgM9TW.jpg"
1509905333627498497,"https://twitter.com/SAMYVP07/status/1509905333627498497",nature,"https://pbs.twimg.com/media/FPRC5bsUcAIir3o.jpg"
1509905246130106375,"https://twitter.com/coastpac2/status/1509905246130106375",nature,"https://pbs.twimg.com/media/FPRC0FNVsAApLSr.jpg"
1509905137615188009,"https://twitter.com/florestaqueen/status/1509905137615188009",nature,"https://pbs.twimg.com/media/FPRCtacX0AcJv5C.jpg"
1509904993364545536,"https://twitter.com/Mandariffic_/status/1509904993364545536",nature,"https://pbs.twimg.com/media/FPRCltSacAIBIv6.jpg"
1509904645417697280,"https://twitter.com/Rajesh_kumarr_/status/1509904645417697280",nature,"https://pbs.twimg.com/media/FPRCQkTUYAAwZ6T.jpg"
1509904401808437313,"https://twitter.com/FridayXp01/status/1509904401808437313",nature,"https://pbs.twimg.com/media/FPRCDX0WQAAql_H.jpg"
1509903848034512900,"https://twitter.com/MKWPublishing/status/1509903848034512900",nature,"https://pbs.twimg.com/media/FPRBiHJXEAUlWcj.jpg"
1509903838727356416,"https://twitter.com/The_Skill_Mill/status/1509903838727356416",nature,"https://pbs.twimg.com/media/FPRBa0-XMCctsh6.jpg"
1509903596401348615,"https://twitter.com/NVJRobins1/status/1509903596401348615",nature,"https://pbs.twimg.com/media/FPRAlFlXIAAzsqX.jpg"
1509902064326885378,"https://twitter.com/pixbylucio/status/1509902064326885378",nature,"https://pbs.twimg.com/media/FPQ_60-VkAASfKJ.jpg"
1509901795795087371,"https://twitter.com/harry_fosters/status/1509901795795087371",nature,"https://pbs.twimg.com/media/FPQ_ePZXIAMG3Zn.jpg"
1509901638890553351,"https://twitter.com/ununth/status/1509901638890553351",nature,"https://pbs.twimg.com/media/FPQ_iaEakAALO9Z.jpg"
1509901452982038577,"https://twitter.com/MrRobinsonshood/status/1509901452982038577",nature,"https://pbs.twimg.com/media/FPQ_XilWQAIsTEI.jpg"
1509901436292796417,"https://twitter.com/ArchitectUnis/status/1509901436292796417",nature,"https://pbs.twimg.com/media/FPQ_WPcX0AUoPse.jpg"
1509901022822481922,"https://twitter.com/epshita_c/status/1509901022822481922",nature,"https://pbs.twimg.com/media/FPQ--hvakAQ02O6.jpg"
1509900896473395229,"https://twitter.com/ChantalTillet/status/1509900896473395229",nature,"https://pbs.twimg.com/media/FPQ9eGQXMCIHS9C.jpg"
1509900711160528896,"https://twitter.com/coastpac2/status/1509900711160528896",nature,"https://pbs.twimg.com/media/FPQ-sBwXwAIOtas.jpg"
1509900614888742917,"https://twitter.com/ConnectingNBS/status/1509900614888742917",nature,"https://pbs.twimg.com/media/FPQ3qjcX0AQNXxh.jpg"
1509900390103461894,"https://twitter.com/israelinCH/status/1509900390103461894",nature,"https://pbs.twimg.com/media/FPP4qDwXwAkEKCX.jpg"
1509900278191075333,"https://twitter.com/NataliCuteeli/status/1509900278191075333",nature,"https://pbs.twimg.com/media/FPQ-TH3X0AQvRgK.jpg"
1509899939140222977,"https://twitter.com/_IlMark_/status/1509899939140222977",nature,"https://pbs.twimg.com/media/FPQ5so0WUAQ10Yc.jpg"
1509899687364825089,"https://twitter.com/ZooTurkey/status/1509899687364825089",nature,"https://pbs.twimg.com/media/FPQ9wgFaQAAUBrc.jpg"
1509899321885728774,"https://twitter.com/John_dAzur/status/1509899321885728774",nature,"https://pbs.twimg.com/media/FPQ9bL5WUAgbAAW.jpg"
1509899105555914752,"https://twitter.com/MartinM79510567/status/1509899105555914752",nature,"https://pbs.twimg.com/media/FPQ9O-_XsAUQtSt.jpg"
1509899098257829918,"https://twitter.com/KFlanaganphotos/status/1509899098257829918",nature,"https://pbs.twimg.com/media/FPQ9OnyXMCE5MfT.jpg"
1509898881756184576,"https://twitter.com/Adadar_/status/1509898881756184576",nature,"https://pbs.twimg.com/media/FPQ848gXMBsnI97.jpg"
1509898743545540629,"https://twitter.com/JamaicaBayGuard/status/1509898743545540629",nature,"https://pbs.twimg.com/media/FPQ856NXsAYeFi7.jpg"
1509898648339255300,"https://twitter.com/tomos258/status/1509898648339255300",nature,"https://pbs.twimg.com/media/FPQ80IPacAgtuZ-.jpg"
1509898644941864964,"https://twitter.com/Adadar_/status/1509898644941864964",nature,"https://pbs.twimg.com/media/FPQ8tW0aMAUUyB4.jpg"
1509898636838289408,"https://twitter.com/Rotherhamcreat2/status/1509898636838289408",nature,"https://pbs.twimg.com/media/FPQ8dsLWUAg1xlV.jpg"
1509898602264637445,"https://twitter.com/argatyredkites/status/1509898602264637445",nature,"https://pbs.twimg.com/media/FPQ8unhXMAIzxAZ.jpg"
1509898455455477768,"https://twitter.com/Adadar_/status/1509898455455477768",nature,"https://pbs.twimg.com/media/FPQ8iUBakAEDyDn.jpg"
1509898316355678214,"https://twitter.com/ValkovR/status/1509898316355678214",nature,"https://pbs.twimg.com/media/FPQ5zGzX0AMbsmw.jpg"
1509898272646836261,"https://twitter.com/Siranda52807888/status/1509898272646836261",nature,"https://pbs.twimg.com/media/FPQ8RaoXwAMF5m6.jpg"
1509897134484697111,"https://twitter.com/SaveATrain/status/1509897134484697111",nature,"https://pbs.twimg.com/media/FPQ7cUaWYAs0RwM.jpg"
1509896857375461379,"https://twitter.com/Shantar56646940/status/1509896857375461379",nature,"https://pbs.twimg.com/media/FPQ7LfDWQAQFSvT.jpg"
1509896261708754944,"https://twitter.com/Angel_Stockler/status/1509896261708754944",nature,"https://pbs.twimg.com/media/FPQ6pdzXMAspb8i.jpg"
1509896103352848385,"https://twitter.com/Kat_in_niagara/status/1509896103352848385",nature,"https://pbs.twimg.com/media/FPQ6gPFXIAUC8-V.jpg"
1509894550034124800,"https://twitter.com/DianaShibaMD/status/1509894550034124800",nature,"https://pbs.twimg.com/media/FPQ4Y7tVUAMs4lt.jpg"
1509894493247459331,"https://twitter.com/TheRealDNGR/status/1509894493247459331",nature,"https://pbs.twimg.com/media/FPQ5CSPVIAY3sOt.jpg"
1509894249822789635,"https://twitter.com/snaypi2008/status/1509894249822789635",nature,"https://pbs.twimg.com/media/FPQ40PMXMBQSjhm.jpg"
1509893648376283137,"https://twitter.com/KFlanaganphotos/status/1509893648376283137",nature,"https://pbs.twimg.com/media/FPQ4RY5XMAsaMh-.jpg"
1509893469669662724,"https://twitter.com/NicoleApelian/status/1509893469669662724",nature,"https://pbs.twimg.com/media/FPQ4G4WXoAwpZmt.jpg"
1509893355777499136,"https://twitter.com/BethFratesMD/status/1509893355777499136",nature,"https://pbs.twimg.com/media/FPQurL6XMAQJ8Cd.jpg"
1509892726401163277,"https://twitter.com/To__Nature/status/1509892726401163277",nature,"https://pbs.twimg.com/media/FPQ3bIhXMCMTUsB.jpg"
1509892441075298322,"https://twitter.com/Spirit2Connect/status/1509892441075298322",nature,"https://pbs.twimg.com/media/FPQ19DRWYAQfdaO.jpg"
1509892188640927748,"https://twitter.com/sagarcoolraj/status/1509892188640927748",nature,"https://pbs.twimg.com/media/FPQ277kaQA4G9gT.jpg"
1509892030352265219,"https://twitter.com/_AlfredoGonz/status/1509892030352265219",nature,"https://pbs.twimg.com/media/FPQ2zM5XsAMZ_oE.jpg"
1509891773153558528,"https://twitter.com/curious__coffee/status/1509891773153558528",nature,"https://pbs.twimg.com/media/FPQ2kHNaUAs66kW.jpg"
1509891537756434446,"https://twitter.com/stattymichelle/status/1509891537756434446",nature,"https://pbs.twimg.com/media/FPQ2WBgWUAEQ7h3.jpg"
1509890989938573313,"https://twitter.com/alittleabtmkt/status/1509890989938573313",nature,"https://pbs.twimg.com/media/FPQ113XakAAU7kZ.jpg"
1509890974507487243,"https://twitter.com/Siranda52807888/status/1509890974507487243",nature,"https://pbs.twimg.com/media/FPQ1pnGXMCQayMo.jpg"
1509890948909699073,"https://twitter.com/JeanetteJoy/status/1509890948909699073",nature,"https://pbs.twimg.com/media/FPQ10STXMCcbfeI.jpg"
1509890913803321352,"https://twitter.com/kimeridze_m1/status/1509890913803321352",nature,"https://pbs.twimg.com/media/FPQ1yHEWQAIDbvF.jpg"
1509890034501136384,"https://twitter.com/Diane_Dee/status/1509890034501136384",nature,"https://pbs.twimg.com/media/FPQzbXqXEAYm1GT.jpg"
1509889960941441027,"https://twitter.com/pauljudges/status/1509889960941441027",nature,"https://pbs.twimg.com/media/FPQzCNOWQAI7wj6.jpg"
1509889318852050954,"https://twitter.com/Atticus_Frost/status/1509889318852050954",nature,"https://pbs.twimg.com/media/FPQ0VKkVIAASYXK.jpg"
1509889175327182849,"https://twitter.com/AnshI39/status/1509889175327182849",nature,"https://pbs.twimg.com/media/FPQ0MdSVkAML6WT.jpg"
1509889169824305161,"https://twitter.com/coffeegirl_77/status/1509889169824305161",nature,"https://pbs.twimg.com/media/FPQ0G18XIAAe2ZV.jpg"
1509889065352458247,"https://twitter.com/NesreenZ/status/1509889065352458247",nature,"https://pbs.twimg.com/media/FO7VLkSXsAIzyon.jpg"
1509889032569905153,"https://twitter.com/2wsphotography/status/1509889032569905153",nature,"https://pbs.twimg.com/media/FPQ0EOPX0Ac3CGH.jpg"
1509888120103346179,"https://twitter.com/PathMonarch/status/1509888120103346179",nature,"https://pbs.twimg.com/media/FPQzPdTXoAE_ONC.jpg"
1509887422410235909,"https://twitter.com/mike_ponz/status/1509887422410235909",nature,"https://pbs.twimg.com/media/FPQyUK3XIAQ7h45.jpg"
1509887416227803146,"https://twitter.com/Lynda_Art_Write/status/1509887416227803146",nature,"https://pbs.twimg.com/media/FPQykwsWUAIb0-Q.jpg"
1509887086006259714,"https://twitter.com/CT_Wanderer/status/1509887086006259714",nature,"https://pbs.twimg.com/media/FPQyTDdXwAQzmki.jpg"
1509887007060865024,"https://twitter.com/AsterGardening/status/1509887007060865024",nature,"https://pbs.twimg.com/media/FPQyOo9WQAEA0w4.jpg"
1509887005907427329,"https://twitter.com/amandacameron85/status/1509887005907427329",nature,"https://pbs.twimg.com/media/FPQviGGWQAAaG97.jpg"
1509886917302648837,"https://twitter.com/PamelaIbda/status/1509886917302648837",nature,"https://pbs.twimg.com/media/FPQyJmwVQAYv1EN.jpg"
1509886902417203203,"https://twitter.com/KRitiCal_m4ss/status/1509886902417203203",nature,"https://pbs.twimg.com/media/FPQxPr1XMAEb9Xv.jpg"
1509886618542370823,"https://twitter.com/syrupulse/status/1509886618542370823",nature,"https://pbs.twimg.com/media/FPQx2WmX0AEJdmS.jpg"
1509886548971593740,"https://twitter.com/barbypada/status/1509886548971593740",nature,"https://pbs.twimg.com/media/FPQkMgeX0CcLGW6.jpg"
1509886413898235905,"https://twitter.com/PhotosOutsider/status/1509886413898235905",nature,"https://pbs.twimg.com/media/FPQxsRVXMAM5Bks.jpg"
1509886297351073805,"https://twitter.com/HikeOurPlanet/status/1509886297351073805",nature,"https://pbs.twimg.com/media/FPQtJygXMBgDJPK.jpg"
1509886294431879172,"https://twitter.com/laflouu/status/1509886294431879172",nature,"https://pbs.twimg.com/media/FPQxlUgWUAgqFXt.jpg"
1509886155206103043,"https://twitter.com/AndUnd21/status/1509886155206103043",nature,"https://pbs.twimg.com/media/FPQxc4TX0AUH2LO.jpg"
1509886131734732810,"https://twitter.com/Aintright_bl9/status/1509886131734732810",nature,"https://pbs.twimg.com/media/FPQxa72XMAkw-lY.jpg"
1509885937786195968,"https://twitter.com/GetMohanThomas/status/1509885937786195968",nature,"https://pbs.twimg.com/media/FPQxQM7agAsNECu.jpg"
1509885879174631424,"https://twitter.com/WaileaSunsets/status/1509885879174631424",nature,"https://pbs.twimg.com/media/FPQxM85VUAUUUIU.jpg"
1509885794369957891,"https://twitter.com/JohnPositiveUSA/status/1509885794369957891",nature,"https://pbs.twimg.com/media/FPOTQeMWYAM6lki.jpg"
1509885758710157320,"https://twitter.com/Gallego1Magui/status/1509885758710157320",nature,"https://pbs.twimg.com/media/FPQxFuKXsAYl4Wl.jpg"
1509884964300472320,"https://twitter.com/R_Naturebeauty/status/1509884964300472320",nature,"https://pbs.twimg.com/media/FPQwXzNaAAIJIIg.jpg"
1509884629435699202,"https://twitter.com/slugguls/status/1509884629435699202",nature,"https://pbs.twimg.com/media/FPQwEWEXEAIiYmq.jpg"
1509884481666232341,"https://twitter.com/intheEire/status/1509884481666232341",nature,"https://pbs.twimg.com/media/FPQv7x-XMCETe8y.jpg"
1509884475324444684,"https://twitter.com/JonHufton/status/1509884475324444684",nature,"https://pbs.twimg.com/media/FPQvwZCXoAkpeod.jpg"
1509884435239481362,"https://twitter.com/Spirit2Connect/status/1509884435239481362",nature,"https://pbs.twimg.com/media/FPQusixXMBAs1Fa.jpg"
1509884225050226692,"https://twitter.com/changeisus11/status/1509884225050226692",nature,"https://pbs.twimg.com/media/FPQvry8UYAMFpmo.jpg"
1509884107416875011,"https://twitter.com/Kat_in_niagara/status/1509884107416875011",nature,"https://pbs.twimg.com/media/FPQvl-nXEAAVn4K.jpg"
1509883957386510337,"https://twitter.com/ajdeeps/status/1509883957386510337",nature,"https://pbs.twimg.com/media/FPQvH4fVEAAu29s.jpg"
1509883866118606848,"https://twitter.com/TexAlbert/status/1509883866118606848",nature,"https://pbs.twimg.com/media/FPQqeypWUAYb4Ne.jpg"
1509883387724640275,"https://twitter.com/HelenRadcliffe8/status/1509883387724640275",nature,"https://pbs.twimg.com/media/FPQu7dBXMAc-Xs1.jpg"
1509883277531770886,"https://twitter.com/ButtersWX/status/1509883277531770886",nature,"https://pbs.twimg.com/media/FPO-quvXsBwfqpE.jpg"
1509883154907205637,"https://twitter.com/ebolds/status/1509883154907205637",nature,"https://pbs.twimg.com/media/FPQuufxXMAUDICy.jpg"
1509883056286539777,"https://twitter.com/LDillonSchalk/status/1509883056286539777",nature,"https://pbs.twimg.com/media/FPQuipJXIAkHDZP.jpg"
1509882948081881092,"https://twitter.com/beachrelaxin/status/1509882948081881092",nature,"https://pbs.twimg.com/media/FPQuZXUXIAQZrpm.jpg"
1509882829454389248,"https://twitter.com/gabriel67760663/status/1509882829454389248",nature,"https://pbs.twimg.com/media/FPQsvQJXIAIo95O.jpg"
1509882503007506440,"https://twitter.com/Suzie_P/status/1509882503007506440",nature,"https://pbs.twimg.com/media/FPQuILDXMAsGNDp.jpg"
1509881967369621505,"https://twitter.com/Alok_Dhawan/status/1509881967369621505",nature,"https://pbs.twimg.com/media/FPQtpReagAUwRf4.jpg"
1509881962181406729,"https://twitter.com/BruceKendrick10/status/1509881962181406729",nature,"https://pbs.twimg.com/media/FPQtmPrXsAsMr-N.jpg"
1509881917549600769,"https://twitter.com/gdanmitchell/status/1509881917549600769",nature,"https://pbs.twimg.com/media/FPQtYhQVEAINoqQ.jpg"
1509881872830054400,"https://twitter.com/BotanicsMan/status/1509881872830054400",nature,"https://pbs.twimg.com/media/FPQtjM0XMAA1IHE.jpg"
1509881863707537412,"https://twitter.com/CALVINNkadimen2/status/1509881863707537412",nature,"https://pbs.twimg.com/media/FPQtjSsXEAE-iYB.jpg"
1509881803053703170,"https://twitter.com/DailyNatureshot/status/1509881803053703170",nature,"https://pbs.twimg.com/media/FPQtf5NWYAksOAd.jpg"
1509881797890486277,"https://twitter.com/DailyNatureshot/status/1509881797890486277",nature,"https://pbs.twimg.com/media/FPQtflOWYAsO83z.jpg"
1509881791460564992,"https://twitter.com/BrittZwicker/status/1509881791460564992",nature,"https://pbs.twimg.com/media/FPQs7JjWQAs-Q1C.jpg"
1509881694995759119,"https://twitter.com/RenzoMarichal/status/1509881694995759119",nature,"https://pbs.twimg.com/media/FPQtYoWX0AAI7f-.png"
1509881646320918535,"https://twitter.com/BotanicsMan/status/1509881646320918535",nature,"https://pbs.twimg.com/media/FPQtTHqXEAIhmK8.jpg"
1509881069696438279,"https://twitter.com/DebraMartz/status/1509881069696438279",nature,"https://pbs.twimg.com/media/FPQs1JuXsAcCTAl.jpg"
1509880795195973634,"https://twitter.com/NunnsNaturePics/status/1509880795195973634",nature,"https://pbs.twimg.com/media/FPQsjACXsAQIO0x.jpg"
1509880768708976646,"https://twitter.com/ImagesByJonEvan/status/1509880768708976646",nature,"https://pbs.twimg.com/media/FPQsjlvWQAkTKvS.jpg"
1509880761134071812,"https://twitter.com/barbypada/status/1509880761134071812",nature,"https://pbs.twimg.com/media/FPQoTh3WQAAuzpS.jpg"
1509880648219209733,"https://twitter.com/cdt62/status/1509880648219209733",nature,"https://pbs.twimg.com/media/FPQsMCXXoAUm-ds.jpg"
1509880648206622729,"https://twitter.com/rei_ralf/status/1509880648206622729",nature,"https://pbs.twimg.com/media/FPQscfiXsAAS8AP.jpg"
1509880257599315969,"https://twitter.com/barbypada/status/1509880257599315969",nature,"https://pbs.twimg.com/media/FO8hbYmWYAk270P.jpg"
1509879973003341824,"https://twitter.com/GabrielleRou/status/1509879973003341824",nature,"https://pbs.twimg.com/media/FPQry5hXMAwNdfs.jpg"
1509879266246283272,"https://twitter.com/Chill_HarrisNL/status/1509879266246283272",nature,"https://pbs.twimg.com/media/FPQrL_qXwAYMkpm.jpg"
1509879227277000707,"https://twitter.com/Mahsa199096/status/1509879227277000707",nature,"https://pbs.twimg.com/media/FPQrJ1rXwAQ8Hjk.jpg"
1509878733225791490,"https://twitter.com/mthesauce/status/1509878733225791490",nature,"https://pbs.twimg.com/media/FPQqtHZX0AUZZMO.jpg"
1509878583388479492,"https://twitter.com/skenchoutdoors/status/1509878583388479492",nature,"https://pbs.twimg.com/media/FPQqPfEX0A8P1Em.jpg"
1509878496159539207,"https://twitter.com/SamuraiMovieCr1/status/1509878496159539207",nature,"https://pbs.twimg.com/media/FPPKxxpUcAIGC9D.jpg"
1509878259055427590,"https://twitter.com/JohnPositiveUSA/status/1509878259055427590",nature,"https://pbs.twimg.com/media/FPOTZ4gXIAEDkIg.jpg"
1509878255209304076,"https://twitter.com/GreatLakesFungi/status/1509878255209304076",nature,"https://pbs.twimg.com/media/FOO_IkdXoAEWPbu.jpg"
1509878174116687873,"https://twitter.com/Justnaturer/status/1509878174116687873",nature,"https://pbs.twimg.com/media/FPQqMouXEAAftux.jpg"
1509878085574819849,"https://twitter.com/BholuYo/status/1509878085574819849",nature,"https://pbs.twimg.com/media/FPQqFsraIAAxUNr.jpg"
1509877810881519617,"https://twitter.com/HamiltonNature/status/1509877810881519617",nature,"https://pbs.twimg.com/media/FPQp3ZPWQAYBFt3.jpg"
1509877810734587907,"https://twitter.com/chalambar/status/1509877810734587907",nature,"https://pbs.twimg.com/media/FPQp2f_VEAkPEsB.jpg"
1509877594619105286,"https://twitter.com/hekalyce/status/1509877594619105286",nature,"https://pbs.twimg.com/media/FPQo7PJWUA4B8Tg.jpg"
1509877497143472129,"https://twitter.com/KarenWeston13/status/1509877497143472129",nature,"https://pbs.twimg.com/media/FPQplKTXIAEW69B.jpg"
1509877454856495114,"https://twitter.com/Advpakistan1/status/1509877454856495114",nature,"https://pbs.twimg.com/media/FPQphvVXMAEKyRX.jpg"
1509877292679446530,"https://twitter.com/kevinsonger/status/1509877292679446530",nature,"https://pbs.twimg.com/media/FPQpX2eXIAccLQH.jpg"
1509877042954780673,"https://twitter.com/nadski65/status/1509877042954780673",nature,"https://pbs.twimg.com/media/FPQpKooXMAsrcB9.jpg"
1509876992082157571,"https://twitter.com/RCNaturephotos/status/1509876992082157571",nature,"https://pbs.twimg.com/media/E7EE8s0WYA8U-Kz.jpg"
1509876365839192066,"https://twitter.com/FarabiSwagger/status/1509876365839192066",nature,"https://pbs.twimg.com/media/FPQojSjacAQBhn2.jpg"
1509876164621488130,"https://twitter.com/DebraMartz/status/1509876164621488130",nature,"https://pbs.twimg.com/media/FPQoXo2XMAk9f4k.jpg"
1509875774618161160,"https://twitter.com/DailyNewsRepor3/status/1509875774618161160",nature,"https://pbs.twimg.com/media/FPQneGsVkAUDjuA.jpg"
1509875602807037957,"https://twitter.com/isaacblake1979/status/1509875602807037957",nature,"https://pbs.twimg.com/media/FPQmYWJX0B4sjF5.jpg"
1509875264725028866,"https://twitter.com/ChauhanNarvda/status/1509875264725028866",nature,"https://pbs.twimg.com/media/FPQng5LVQAYOIaX.jpg"
1509875229966929926,"https://twitter.com/PicPoet/status/1509875229966929926",nature,"https://pbs.twimg.com/media/FPQnYjmXsAMpXpP.jpg"
1509875057342005250,"https://twitter.com/oleronmarennes/status/1509875057342005250",nature,"https://pbs.twimg.com/media/FPQnXQGXoAwGi3M.jpg"
1509874956452220936,"https://twitter.com/TonyFurnell/status/1509874956452220936",nature,"https://pbs.twimg.com/media/FPQnPdeX0BYNLIi.jpg"
1509874696363429946,"https://twitter.com/mrstrwright/status/1509874696363429946",nature,"https://pbs.twimg.com/media/FPQnCMUXMAAwvh9.jpg"
1509874363142598666,"https://twitter.com/Riturinwa/status/1509874363142598666",nature,"https://pbs.twimg.com/media/FPQmuvjWYAEJ-GM.jpg"
1509874230200274948,"https://twitter.com/rajatnsingh/status/1509874230200274948",nature,"https://pbs.twimg.com/media/FPQmmhwaAAcobJv.jpg"
1509874212290416669,"https://twitter.com/Justnaturer/status/1509874212290416669",nature,"https://pbs.twimg.com/media/FPQmmB3WQAER8ao.jpg"
1509874030173737007,"https://twitter.com/BintingM/status/1509874030173737007",nature,"https://pbs.twimg.com/media/FPQmbMNX0Bo0M2h.jpg"
1509874028290326529,"https://twitter.com/ahmad12_shara/status/1509874028290326529",nature,"https://pbs.twimg.com/media/FPQmJK_VkAIWMhQ.jpg"
1509873931137986562,"https://twitter.com/kookdekoo/status/1509873931137986562",nature,"https://pbs.twimg.com/media/FPQmRLbaIAMKJOv.jpg"
1509873890151092233,"https://twitter.com/ExmoorCentre/status/1509873890151092233",nature,"https://pbs.twimg.com/media/FPQmTE4X0AwAt8x.jpg"
1509873671808372746,"https://twitter.com/mikasa5438901/status/1509873671808372746",nature,"https://pbs.twimg.com/media/FPQmGcnakAE9S0-.jpg"
1509873429125738500,"https://twitter.com/TadhgMacIntyre/status/1509873429125738500",nature,"https://pbs.twimg.com/media/FPQlNmLXEAA9LUv.jpg"
1509873423329415171,"https://twitter.com/kookdekoo/status/1509873423329415171",nature,"https://pbs.twimg.com/media/FPQl2qHaIAEyUf3.jpg"
1509873327233540097,"https://twitter.com/Romaniarts/status/1509873327233540097",nature,"https://pbs.twimg.com/media/FPQlJ2VX0G4bqu9.jpg"
1509873241225154560,"https://twitter.com/rcmnature/status/1509873241225154560",nature,"https://pbs.twimg.com/media/FPQltZpX0BojMDI.jpg"
1509872693352583213,"https://twitter.com/Diane_Dee/status/1509872693352583213",nature,"https://pbs.twimg.com/media/FPQkCwjWQAMjK-k.jpg"
1509872660330827801,"https://twitter.com/LoganNBeyer/status/1509872660330827801",nature,"https://pbs.twimg.com/media/FPQlLc9XwAIHIKL.jpg"
1509872360865910796,"https://twitter.com/lesleyanngreen/status/1509872360865910796",nature,"https://pbs.twimg.com/media/FPQk1hSXoAAVIvv.jpg"
1509872347926482981,"https://twitter.com/kazootc/status/1509872347926482981",nature,"https://pbs.twimg.com/media/FPQkdfPXoAEbd5a.jpg"
1509871883721842689,"https://twitter.com/wanderingwhilst/status/1509871883721842689",nature,"https://pbs.twimg.com/media/FPQkeVYXMAE4dhQ.jpg"
1509871852738564097,"https://twitter.com/birdcrazed6/status/1509871852738564097",nature,"https://pbs.twimg.com/media/FPQkck-XsAU9w6A.jpg"
1509871719384862764,"https://twitter.com/ethanallen1787/status/1509871719384862764",nature,"https://pbs.twimg.com/media/FPQkHtTX0CI8fPj.jpg"
1509871513121574950,"https://twitter.com/FridayXp01/status/1509871513121574950",nature,"https://pbs.twimg.com/media/FPQkI_yX0AoyJq2.jpg"
1509871377389658113,"https://twitter.com/SallyVanns/status/1509871377389658113",nature,"https://pbs.twimg.com/media/FPQj_e4X0CQ390E.jpg"
1509870798391160836,"https://twitter.com/DebbieatEMA/status/1509870798391160836",nature,"https://pbs.twimg.com/media/FPQjccQXsAERzwp.jpg"
1509870784176660491,"https://twitter.com/NatureBeauty009/status/1509870784176660491",nature,"https://pbs.twimg.com/media/FPQjeYvX0C0E2Eq.jpg"
1509870711950790657,"https://twitter.com/ZoomZonePhotos/status/1509870711950790657",nature,"https://pbs.twimg.com/media/FPQjaEkX0CEB0B0.jpg"
1509870698314960896,"https://twitter.com/SonyBBCEarth/status/1509870698314960896",nature,"https://pbs.twimg.com/media/FPQa02zVIAgNNwm.jpg"
1509870695500627971,"https://twitter.com/JohnPositiveUSA/status/1509870695500627971",nature,"https://pbs.twimg.com/media/FPOSkewWQAA3qG4.jpg"
1509870037607370772,"https://twitter.com/TBoneBarrie/status/1509870037607370772",nature,"https://pbs.twimg.com/media/FPQicnDWYAAHkMl.jpg"
1509870003138531334,"https://twitter.com/p_aulwhite/status/1509870003138531334",nature,"https://pbs.twimg.com/media/FPQhg-vXEAEfC94.jpg"
1509869752184844288,"https://twitter.com/sara_aminiiiii/status/1509869752184844288",nature,"https://pbs.twimg.com/media/FPQig-5X0AQHf28.jpg"
1509869649697320961,"https://twitter.com/PoonamS41319581/status/1509869649697320961",nature,"https://pbs.twimg.com/media/FPQiaFqaUAE0Tzr.jpg"
1509869625642606597,"https://twitter.com/renrenyume/status/1509869625642606597",nature,"https://pbs.twimg.com/media/FPQiazqVQAIrqI_.jpg"
1509869556948520961,"https://twitter.com/JukkaPartanen3/status/1509869556948520961",nature,"https://pbs.twimg.com/media/FPQiQ7xXsAAegbp.jpg"
1509869406968553474,"https://twitter.com/naturesgemtours/status/1509869406968553474",nature,"https://pbs.twimg.com/media/FPQiOXQX0C8x79k.jpg"
1509869340488880167,"https://twitter.com/JordanHillPhoto/status/1509869340488880167",nature,"https://pbs.twimg.com/media/FPQiKcNX0CANFWr.jpg"
1509869021621063682,"https://twitter.com/jnorris6858/status/1509869021621063682",nature,"https://pbs.twimg.com/media/FPQh2BTWQAMHvF6.jpg"
1509868687830011904,"https://twitter.com/PaultjeNl/status/1509868687830011904",nature,"https://pbs.twimg.com/media/FPQhj36X0CArU9g.jpg"
1509868573547810830,"https://twitter.com/StephFranFoto/status/1509868573547810830",nature,"https://pbs.twimg.com/media/FPQhH4EX0Jk_S6b.jpg"
1509868341497839618,"https://twitter.com/trumplefucker/status/1509868341497839618",nature,"https://pbs.twimg.com/media/FPQg_MaWYAEWzAa.jpg"
1509868229941940225,"https://twitter.com/elfearsfoxsox/status/1509868229941940225",nature,"https://pbs.twimg.com/media/FPQhJsMX0BU1gfY.jpg"
1509868088753328132,"https://twitter.com/WTSWW/status/1509868088753328132",nature,"https://pbs.twimg.com/media/FPQhBcTXwAQ3YTV.jpg"
1509868065852375040,"https://twitter.com/MattStarrFineA1/status/1509868065852375040",nature,"https://pbs.twimg.com/media/FPQhAPmX0AsaDGi.jpg"
1509867738709504000,"https://twitter.com/Stevenh19963116/status/1509867738709504000",nature,"https://pbs.twimg.com/media/FPQgtLDaIAkT4rt.jpg"
1509867575462842382,"https://twitter.com/DelonAmalia/status/1509867575462842382",nature,"https://pbs.twimg.com/media/FPQgg6iXoAEqPft.jpg"
1509867548480884737,"https://twitter.com/CecinhaSanttoS2/status/1509867548480884737",nature,"https://pbs.twimg.com/media/FPQgg_vWYAIBeSV.jpg"
1509866919461113897,"https://twitter.com/prettyboutique7/status/1509866919461113897",nature,"https://pbs.twimg.com/media/FPQf9kAXMAIFVqD.jpg"
1509866794420420614,"https://twitter.com/DailyNatureshot/status/1509866794420420614",nature,"https://pbs.twimg.com/media/FPQf2PrX0AQqUuh.jpg"
1509866784760999938,"https://twitter.com/DailyNatureshot/status/1509866784760999938",nature,"https://pbs.twimg.com/media/FPQf1uiX0BstYIe.jpg"
1509866530481319938,"https://twitter.com/ArteLeonida/status/1509866530481319938",nature,"https://pbs.twimg.com/media/FPQd5ogXIAYXXEB.jpg"
1509866126691356687,"https://twitter.com/TopDavidHardin/status/1509866126691356687",nature,"https://pbs.twimg.com/media/FPQfOB1VgA4MrS7.jpg"
1509865882503335951,"https://twitter.com/TaliOrad/status/1509865882503335951",nature,"https://pbs.twimg.com/media/FPQfBIJX0Aw4pTO.jpg"
1509865754530885633,"https://twitter.com/dusty_haskins/status/1509865754530885633",nature,"https://pbs.twimg.com/media/FPQe5TzXEAUdJQt.jpg"
1509865494437941291,"https://twitter.com/Spirit2Connect/status/1509865494437941291",nature,"https://pbs.twimg.com/media/FPQdrBbXIAAnWVQ.jpg"
1509865429677875203,"https://twitter.com/Memomagnetist/status/1509865429677875203",nature,"https://pbs.twimg.com/media/FPQeJaRX0DQtMmv.jpg"
1509865026282172420,"https://twitter.com/22_indu/status/1509865026282172420",nature,"https://pbs.twimg.com/media/FPQeN_EVIAoZryd.jpg"
1509864695896973313,"https://twitter.com/Rachael67947693/status/1509864695896973313",nature,"https://pbs.twimg.com/media/FPQd76dX0BID1xf.jpg"
1509863883774873632,"https://twitter.com/AcyRunway13/status/1509863883774873632",nature,"https://pbs.twimg.com/media/FPQdMtyXoAEyOCQ.jpg"
1509863812882743300,"https://twitter.com/worldphotogoat/status/1509863812882743300",nature,"https://pbs.twimg.com/media/FPQdIsbX0CAEKZf.jpg"
1509863789251936256,"https://twitter.com/PaulHettenhaus/status/1509863789251936256",nature,"https://pbs.twimg.com/media/FPQcpBkX0CAhjdt.jpg"
1509863723313385484,"https://twitter.com/NEbirdlover/status/1509863723313385484",nature,"https://pbs.twimg.com/media/FPQdDRmWUAAwtZ5.jpg"
1509863571861262378,"https://twitter.com/ShamwariReserve/status/1509863571861262378",nature,"https://pbs.twimg.com/media/FPQc6vxXoAUFhNj.jpg"
1509863525036208137,"https://twitter.com/TakeTJ1/status/1509863525036208137",nature,"https://pbs.twimg.com/media/FPQc3yyacAob6Kj.jpg"
1509863477154029574,"https://twitter.com/TakeTJ1/status/1509863477154029574",nature,"https://pbs.twimg.com/media/FPQc0_YaIAYQtb-.jpg"
1509863456987836420,"https://twitter.com/TakeTJ1/status/1509863456987836420",nature,"https://pbs.twimg.com/media/FPQcz2HacAU5W-P.jpg"
1509863171418468352,"https://twitter.com/RenzoMarichal/status/1509863171418468352",nature,"https://pbs.twimg.com/media/FPQciaGX0Bswal2.png"
1509863146583822348,"https://twitter.com/PositiveAbraham/status/1509863146583822348",nature,"https://pbs.twimg.com/media/FPOKgaNXwAUfy6M.jpg"
1509863120197623808,"https://twitter.com/lxl22a/status/1509863120197623808",nature,"https://pbs.twimg.com/media/FPQcgLkXMAMPPI_.jpg"
1509863106607992834,"https://twitter.com/CraziiCatLadii/status/1509863106607992834",nature,"https://pbs.twimg.com/media/FPQcfnvX0DEg_cQ.jpg"
1509862793234862089,"https://twitter.com/AcyRunway13/status/1509862793234862089",nature,"https://pbs.twimg.com/media/FPQcMLgXMAYCjaI.jpg"
1509862654827180039,"https://twitter.com/MTT_News/status/1509862654827180039",nature,"https://pbs.twimg.com/media/FPQb_anacAMj2eu.jpg"
1509862581317603329,"https://twitter.com/kndlela55/status/1509862581317603329",nature,"https://pbs.twimg.com/media/FPQayEpXEAEfwFl.jpg"
1509862289003876353,"https://twitter.com/GEWIA3/status/1509862289003876353",nature,"https://pbs.twimg.com/media/FPQbumOVsAAAlxv.jpg"
1509862025295548423,"https://twitter.com/ArtworkMiss/status/1509862025295548423",nature,"https://pbs.twimg.com/media/FPQbghtXMAUQCvB.jpg"
1509861755417149443,"https://twitter.com/MargieMiklas/status/1509861755417149443",nature,"https://pbs.twimg.com/media/FPQbQumX0AYKmDo.jpg"
1509861131325747203,"https://twitter.com/DanWils42696605/status/1509861131325747203",nature,"https://pbs.twimg.com/media/FPQZZxXVEAAwbdI.jpg"
1509860933241352197,"https://twitter.com/OrangUtansInNot/status/1509860933241352197",nature,"https://pbs.twimg.com/media/FPQaP9_XwAA_vYx.jpg"
1509860800881643524,"https://twitter.com/AcyRunway13/status/1509860800881643524",nature,"https://pbs.twimg.com/media/FPQaYneWUAcyMnA.jpg"
1509860710708350976,"https://twitter.com/RenzoMarichal/status/1509860710708350976",nature,"https://pbs.twimg.com/media/FPQaSbjX0CAVRNx.png"
1509860431665500161,"https://twitter.com/cuzy317/status/1509860431665500161",nature,"https://pbs.twimg.com/media/FPQaD2rXEAcroek.jpg"
1509860408596877344,"https://twitter.com/CShieldsFilm/status/1509860408596877344",nature,"https://pbs.twimg.com/media/FPQaB0iXsAUEaYg.jpg"
1509860319623065607,"https://twitter.com/Brendanphotos/status/1509860319623065607",nature,"https://pbs.twimg.com/media/FPQZ7hLXMAMArmG.jpg"
1509860292993421315,"https://twitter.com/kesmccormick/status/1509860292993421315",nature,"https://pbs.twimg.com/media/FPQZxYoXoAEh7c_.jpg"
1509860251511799809,"https://twitter.com/SimonRidley14/status/1509860251511799809",nature,"https://pbs.twimg.com/media/FPQYyiTXIAAqbjo.jpg"
1509860140253646854,"https://twitter.com/projectmoonbase/status/1509860140253646854",nature,"https://pbs.twimg.com/media/FPQZymvX0AMhrCA.jpg"
1509859589352792064,"https://twitter.com/syrupulse/status/1509859589352792064",nature,"https://pbs.twimg.com/media/FPQZReFXsAIY4Kg.jpg"
1509859389947084804,"https://twitter.com/rkbagga/status/1509859389947084804",nature,"https://pbs.twimg.com/media/FPQZHEAaQAAPWh5.jpg"
1509859248615968780,"https://twitter.com/AdeytAdrian/status/1509859248615968780",nature,"https://pbs.twimg.com/media/FPQY0TBXMAEgmff.jpg"
1509859226318950401,"https://twitter.com/untanglethus/status/1509859226318950401",nature,"https://pbs.twimg.com/media/FPQYhjIXEAQIsA9.jpg"
1509859081330339843,"https://twitter.com/RoseHabberley/status/1509859081330339843",nature,"https://pbs.twimg.com/media/FPQY1AUXoAI5mrh.jpg"
1509858681155997722,"https://twitter.com/PicPoet/status/1509858681155997722",nature,"https://pbs.twimg.com/media/FPQYZW_X0A8c1fm.jpg"
1509858632795570180,"https://twitter.com/Jacquelineyorks/status/1509858632795570180",nature,"https://pbs.twimg.com/media/FPQX4C7X0BE9c4o.jpg"
1509858613971480577,"https://twitter.com/reethifaru/status/1509858613971480577",nature,"https://pbs.twimg.com/media/FPQYZsvUcAwxiFe.jpg"
1509858560091607050,"https://twitter.com/AcyRunway13/status/1509858560091607050",nature,"https://pbs.twimg.com/media/FPQYWI-X0BU9vxJ.jpg"
1509858533801533440,"https://twitter.com/vipintiwari952/status/1509858533801533440",nature,"https://pbs.twimg.com/media/FPQYTfSVIAIeQun.jpg"
1509858510879735811,"https://twitter.com/Cate_English/status/1509858510879735811",nature,"https://pbs.twimg.com/media/FPQYTp3XsAIriFU.jpg"
1509858363189837829,"https://twitter.com/NesreenZ/status/1509858363189837829",nature,"https://pbs.twimg.com/media/FO7ZK0RXsAElzbE.jpg"
1509858330096947245,"https://twitter.com/Vanessa37990187/status/1509858330096947245",nature,"https://pbs.twimg.com/media/FPQYJWdXoAAw5XB.jpg"
1509858116300587012,"https://twitter.com/HikeOurPlanet/status/1509858116300587012",nature,"https://pbs.twimg.com/media/CCJzfEiW8AIQDgN.jpg"
1509857859487649813,"https://twitter.com/wanderingwhilst/status/1509857859487649813",nature,"https://pbs.twimg.com/media/FPQXuEgXIAAXvgA.jpg"
1509857627089608707,"https://twitter.com/syrupulse/status/1509857627089608707",nature,"https://pbs.twimg.com/media/FPQXYlgX0CQbsG-.jpg"
1509857463994003456,"https://twitter.com/parthii03/status/1509857463994003456",nature,"https://pbs.twimg.com/media/FPQXV2yacAshsaj.jpg"
1509857217012551698,"https://twitter.com/IvyHannah3/status/1509857217012551698",nature,"https://pbs.twimg.com/media/FPQXGNaXoAUQFCl.jpg"
1509857104768782341,"https://twitter.com/MyMelodyOfTheH1/status/1509857104768782341",nature,"https://pbs.twimg.com/media/FOsiEZgWUAcu1vZ.jpg"
1509857014448590849,"https://twitter.com/Lorena77618091/status/1509857014448590849",nature,"https://pbs.twimg.com/media/FPQWuL-XMAIWOLC.jpg"
1509856003034128391,"https://twitter.com/syrupulse/status/1509856003034128391",nature,"https://pbs.twimg.com/media/FPQWBCUXoAQIKaK.jpg"
1509855896712757256,"https://twitter.com/ToddStorms3/status/1509855896712757256",nature,"https://pbs.twimg.com/media/FPQV7z0X0BAwW3k.jpg"
1509855597327314946,"https://twitter.com/PositiveAbraham/status/1509855597327314946",nature,"https://pbs.twimg.com/media/FPOKmUSXsAMiB2G.jpg"
1509855476028264449,"https://twitter.com/NataliCuteeli/status/1509855476028264449",nature,"https://pbs.twimg.com/media/FPQVjUBXEAIuips.jpg"
1509854970752999425,"https://twitter.com/ecodiddle/status/1509854970752999425",nature,"https://pbs.twimg.com/media/FPQVBj5WYAAGmSw.jpg"
1509854961596878869,"https://twitter.com/land1740/status/1509854961596878869",nature,"https://pbs.twimg.com/media/FPQVFgcWQAMTxeo.jpg"
1509854872971235360,"https://twitter.com/PhotoForged/status/1509854872971235360",nature,"https://pbs.twimg.com/media/FPQVATsX0AcGcoh.jpg"
1509854753626415106,"https://twitter.com/leidyldb/status/1509854753626415106",nature,"https://pbs.twimg.com/media/FPQU5OCWQAM4aKw.jpg"
1509854597493686275,"https://twitter.com/TakeTJ1/status/1509854597493686275",nature,"https://pbs.twimg.com/media/FPQUwNDagAAWYQY.jpg"
1509854567449894918,"https://twitter.com/TakeTJ1/status/1509854567449894918",nature,"https://pbs.twimg.com/media/FPQUudnagAEqAoB.jpg"
1509854538114945024,"https://twitter.com/TakeTJ1/status/1509854538114945024",nature,"https://pbs.twimg.com/media/FPQUsplaIAErqbP.jpg"
1509853849510727686,"https://twitter.com/ameensajwani/status/1509853849510727686",nature,"https://pbs.twimg.com/media/FPQUEtFWYAgSl-w.jpg"
1509853843328155658,"https://twitter.com/Teju_Kalyan/status/1509853843328155658",nature,"https://pbs.twimg.com/media/FPQUD8EaIAAhOlM.jpg"
1509853672179744772,"https://twitter.com/paintmyblues/status/1509853672179744772",nature,"https://pbs.twimg.com/media/FPQT4qrX0AYky5Q.jpg"
1509853581616328704,"https://twitter.com/LiveAlittleMS/status/1509853581616328704",nature,"https://pbs.twimg.com/media/FPOHaYvXoAcM37o.jpg"
1509853224655900675,"https://twitter.com/syrupulse/status/1509853224655900675",nature,"https://pbs.twimg.com/media/FPQTZpzWQAIaJyb.jpg"
1509852474332663808,"https://twitter.com/scottelbee/status/1509852474332663808",nature,"https://pbs.twimg.com/media/FPQSgzGX0BEKFkH.jpg"
1509852232652673026,"https://twitter.com/q_slavic/status/1509852232652673026",nature,"https://pbs.twimg.com/media/FPQSmrrWUAAAT97.jpg"
1509852010522509320,"https://twitter.com/urashira1/status/1509852010522509320",nature,"https://pbs.twimg.com/media/FPQSZecaMAERyDT.jpg"
1509851805848592386,"https://twitter.com/MsRyanSCMJ/status/1509851805848592386",nature,"https://pbs.twimg.com/media/FPQSNM9XsAM5poO.jpg"
1509851769031086098,"https://twitter.com/DailyNatureshot/status/1509851769031086098",nature,"https://pbs.twimg.com/media/FPQSLt0X0A4Yio2.jpg"
1509851536545153026,"https://twitter.com/officetakuzo/status/1509851536545153026",nature,"https://pbs.twimg.com/media/FPQR9r3aMAUoek1.jpg"
1509851239852302343,"https://twitter.com/Dino_Prats/status/1509851239852302343",nature,"https://pbs.twimg.com/media/FPQRs1uakAIC-W8.jpg"
1509851202649042947,"https://twitter.com/Tito_art1/status/1509851202649042947",nature,"https://pbs.twimg.com/media/FPQRqpkXsAAuFC_.jpg"
1509851077696528385,"https://twitter.com/Tito_art1/status/1509851077696528385",nature,"https://pbs.twimg.com/media/FPQRjX0X0Aws2gy.jpg"
1509851003348156421,"https://twitter.com/pfwaus/status/1509851003348156421",nature,"https://pbs.twimg.com/media/FPQRc4rVEAc4bYs.jpg"
1509850567409278983,"https://twitter.com/SerrallongaJ/status/1509850567409278983",nature,"https://pbs.twimg.com/media/FPQRFewXMAQgwar.jpg"
1509850388639408130,"https://twitter.com/YsgolBrynDerw17/status/1509850388639408130",nature,"https://pbs.twimg.com/media/FPQPm9PXEAIpvOZ.jpg"
1509850357756743680,"https://twitter.com/paintmyblues/status/1509850357756743680",nature,"https://pbs.twimg.com/media/FPQQU15XsAAplP6.jpg"
1509849796756094976,"https://twitter.com/BridgetteBraley/status/1509849796756094976",nature,"https://pbs.twimg.com/media/FPQQY21X0AEK4Be.jpg"
1509849555210227714,"https://twitter.com/eyeonchina1/status/1509849555210227714",nature,"https://pbs.twimg.com/media/FPKFO0LagAANAoy.jpg"
1509849515502669832,"https://twitter.com/suwakitsune/status/1509849515502669832",nature,"https://pbs.twimg.com/media/FPQQIKFVUAgKZGL.jpg"
1509849510243041281,"https://twitter.com/LisetteBrodey/status/1509849510243041281",nature,"https://pbs.twimg.com/media/FPQP6zEUYAIhOXk.jpg"
1509849200586272774,"https://twitter.com/ravidhingra_/status/1509849200586272774",nature,"https://pbs.twimg.com/media/FPQP12PaUAYE0wq.jpg"
1509849078489923584,"https://twitter.com/PricelessOpin/status/1509849078489923584",nature,"https://pbs.twimg.com/media/FPQPuzyWUAYz5hf.jpg"
1509848797811290112,"https://twitter.com/ScottishField/status/1509848797811290112",nature,"https://pbs.twimg.com/media/FPQPeFEX0A8oOvM.jpg"
1509848467186794497,"https://twitter.com/ccs_accelerator/status/1509848467186794497",nature,"https://pbs.twimg.com/media/FPQPLgBWQAQ_7SU.jpg"
1509848379135873041,"https://twitter.com/anenglishwood/status/1509848379135873041",nature,"https://pbs.twimg.com/media/FPQPGYUXMAkHmAC.jpg"
1509848297921343493,"https://twitter.com/HomesteadNHP/status/1509848297921343493",nature,"https://pbs.twimg.com/media/FPHwGEmXwBEUTID.jpg"
1509848291692924933,"https://twitter.com/UkRuag/status/1509848291692924933",nature,"https://pbs.twimg.com/media/FPQPBQyXoAELD-W.jpg"
1509848087115751425,"https://twitter.com/hikingcamping11/status/1509848087115751425",nature,"https://pbs.twimg.com/media/FPQO1YqXEAQ7bal.jpg"
1509848051984216066,"https://twitter.com/TakeTJ1/status/1509848051984216066",nature,"https://pbs.twimg.com/media/FPM95ZGVQAItVSW.jpg"
1509848028710064132,"https://twitter.com/angelaproudnan/status/1509848028710064132",nature,"https://pbs.twimg.com/media/FPQOx1AX0AsrqqJ.jpg"
1509847990948687873,"https://twitter.com/Iamshivanshsr/status/1509847990948687873",nature,"https://pbs.twimg.com/media/FPQOu2SVkAE1s8M.jpg"
1509847726284017669,"https://twitter.com/climate_mission/status/1509847726284017669",nature,"https://pbs.twimg.com/media/FPQOgKXXIAYSDjQ.jpg"
1509847591076261889,"https://twitter.com/2Majzoobi/status/1509847591076261889",nature,"https://pbs.twimg.com/media/FPQOXzOVQAMqsEA.jpg"
1509847480577376259,"https://twitter.com/SportswaveAndre/status/1509847480577376259",nature,"https://pbs.twimg.com/media/FPQOSDqUcAIDyUC.jpg"
1509847269985734670,"https://twitter.com/sara_motaghaed/status/1509847269985734670",nature,"https://pbs.twimg.com/media/FPQN9o8XsAQNuU-.jpg"
1509846324623339523,"https://twitter.com/TakeTJ1/status/1509846324623339523",nature,"https://pbs.twimg.com/media/FPQNOpkaUAAIu_E.jpg"
1509846300845834241,"https://twitter.com/TakeTJ1/status/1509846300845834241",nature,"https://pbs.twimg.com/media/FPQNNQRagAMrHbb.jpg"
1509846266993606656,"https://twitter.com/TakeTJ1/status/1509846266993606656",nature,"https://pbs.twimg.com/media/FPQNLScaUAY7N-B.jpg"
1509846185015746561,"https://twitter.com/chrisk_nature/status/1509846185015746561",nature,"https://pbs.twimg.com/media/FPQNGevWYAMqLg8.jpg"
1509845850578636809,"https://twitter.com/fatimahfnz/status/1509845850578636809",nature,"https://pbs.twimg.com/media/FPQMzITXsAEzkEj.jpg"
1509845365163499527,"https://twitter.com/clive_robs/status/1509845365163499527",nature,"https://pbs.twimg.com/media/FPQMWkQX0AEL0Q6.jpg"
1509844952351608837,"https://twitter.com/indiawilds/status/1509844952351608837",nature,"https://pbs.twimg.com/media/FPQLoqxVUAYvWnL.jpg"
1509844873767268352,"https://twitter.com/David23205191/status/1509844873767268352",nature,"https://pbs.twimg.com/media/FPQLx0PWUAADVf-.jpg"
1509844587791237128,"https://twitter.com/LomondSchool/status/1509844587791237128",nature,"https://pbs.twimg.com/media/FPQLm4qXwAQtuFh.jpg"
1509844367695097858,"https://twitter.com/MonarchFotogra1/status/1509844367695097858",nature,"https://pbs.twimg.com/media/FPQLc1hXoAE9adH.jpg"
1509844190473048070,"https://twitter.com/john_onyskin/status/1509844190473048070",nature,"https://pbs.twimg.com/media/FPQLQrcakAAiUYS.jpg"
1509843746027884547,"https://twitter.com/Sari_Friends/status/1509843746027884547",nature,"https://pbs.twimg.com/media/FPQK4dyXEAI8NPJ.jpg"
1509843375494778887,"https://twitter.com/Sari_Friends1/status/1509843375494778887",nature,"https://pbs.twimg.com/media/FPQKi0NXoAA1U2H.jpg"
1509843318599032835,"https://twitter.com/wurwurz/status/1509843318599032835",nature,"https://pbs.twimg.com/media/FPQKfIYWYAIW2mo.jpg"
1509843184402190336,"https://twitter.com/terrybnd/status/1509843184402190336",nature,"https://pbs.twimg.com/media/FPQKWCdXsAIqZOW.jpg"
1509842886564716553,"https://twitter.com/wurwurz/status/1509842886564716553",nature,"https://pbs.twimg.com/media/FPQKGGQWUAQx68I.jpg"
1509842847704707072,"https://twitter.com/Red_Rose1219/status/1509842847704707072",nature,"https://pbs.twimg.com/media/FPQKDTnaMAUyJ-Q.jpg"
1509842470540296195,"https://twitter.com/BashirA97820826/status/1509842470540296195",nature,"https://pbs.twimg.com/media/FPQJSEBaMAERs6P.png"
1509842266294480901,"https://twitter.com/terenalsaah/status/1509842266294480901",nature,"https://pbs.twimg.com/media/FPQJibBX0Ac2mWr.jpg"
1509842010995556353,"https://twitter.com/pianolessonsM/status/1509842010995556353",nature,"https://pbs.twimg.com/media/FPQJTgSVEAQhCV3.jpg"
1509841732195737604,"https://twitter.com/buggyfresh78/status/1509841732195737604",nature,"https://pbs.twimg.com/media/FPQJDb-XIAMFaCZ.jpg"
1509841280527847424,"https://twitter.com/chukkukkappi/status/1509841280527847424",nature,"https://pbs.twimg.com/media/FPQIpFrVsAEWXG0.jpg"
1509840996489650199,"https://twitter.com/lucylenora1/status/1509840996489650199",nature,"https://pbs.twimg.com/media/FPQIYkdWYAU8u_1.jpg"
1509840648295305217,"https://twitter.com/orchidcommittee/status/1509840648295305217",nature,"https://pbs.twimg.com/media/FPQEao5WYAIewtM.jpg"
1509840499556900873,"https://twitter.com/PositiveAbraham/status/1509840499556900873",nature,"https://pbs.twimg.com/media/FPOFd4jXsAELCRO.jpg"
1509840495798804484,"https://twitter.com/JohnPositiveUSA/status/1509840495798804484",nature,"https://pbs.twimg.com/media/FPORnTqXoAcLNyJ.png"
1509840238566334471,"https://twitter.com/lucylenora1/status/1509840238566334471",nature,"https://pbs.twimg.com/media/FPQHsO8WYBE3q3_.jpg"
1509840116675923973,"https://twitter.com/TakeTJ1/status/1509840116675923973",nature,"https://pbs.twimg.com/media/FPQHlP1akAEjW2b.jpg"
1509840088175624192,"https://twitter.com/TakeTJ1/status/1509840088175624192",nature,"https://pbs.twimg.com/media/FPQHjjWaQAEx5Uk.jpg"
1509840037927845892,"https://twitter.com/TakeTJ1/status/1509840037927845892",nature,"https://pbs.twimg.com/media/FPQHgsLaQAAeoXk.jpg"
1509838968854044675,"https://twitter.com/ElenaMelin/status/1509838968854044675",nature,"https://pbs.twimg.com/media/FPQGiWeXoAEPhmD.jpg"
1509838727090262017,"https://twitter.com/patientbirder/status/1509838727090262017",nature,"https://pbs.twimg.com/media/FPQFlLhXwAMHk4y.jpg"
1509838572009918467,"https://twitter.com/kanchana1411/status/1509838572009918467",nature,"https://pbs.twimg.com/media/FPQFhZGVEAACGEb.jpg"
1509838524048101380,"https://twitter.com/VisitPeja/status/1509838524048101380",nature,"https://pbs.twimg.com/media/FPQGIpUWYAIjuku.jpg"
1509838492959797253,"https://twitter.com/Lopamudraroy77/status/1509838492959797253",nature,"https://pbs.twimg.com/media/FPQGGsZUcAQ5bJ2.jpg"
1509838312944680962,"https://twitter.com/ByrdsNStuff/status/1509838312944680962",nature,"https://pbs.twimg.com/media/FPQF35nWUAEJmL8.jpg"
1509838230492909570,"https://twitter.com/linjianyangbe/status/1509838230492909570",nature,"https://pbs.twimg.com/media/FOOK2WHUcAEEMvc.jpg"
1509838230161666048,"https://twitter.com/bohmanjeanne1/status/1509838230161666048",nature,"https://pbs.twimg.com/media/FPQF3ifXoAIZvZN.jpg"
1509837921452498951,"https://twitter.com/ElenaMelin/status/1509837921452498951",nature,"https://pbs.twimg.com/media/FPQFlPAWYBEyW6L.jpg"
1509837884429328397,"https://twitter.com/bohmanjeanne1/status/1509837884429328397",nature,"https://pbs.twimg.com/media/FPQFjcMX0AAtGBF.jpg"
1509837647505674243,"https://twitter.com/Da__Eliz/status/1509837647505674243",nature,"https://pbs.twimg.com/media/FPQFVPRXsAYSFkh.jpg"
1509837554295934978,"https://twitter.com/Veronic92098903/status/1509837554295934978",nature,"https://pbs.twimg.com/media/FPQFPiOWYBYBPnN.jpg"
1509837477221179402,"https://twitter.com/bohmanjeanne1/status/1509837477221179402",nature,"https://pbs.twimg.com/media/FPQFLtvWYAInnAC.jpg"
1509837396212338693,"https://twitter.com/AzoresGeopark/status/1509837396212338693",nature,"https://pbs.twimg.com/media/FPQFHGCWYAcZp4e.jpg"
1509836956770844675,"https://twitter.com/unlibroprestado/status/1509836956770844675",nature,"https://pbs.twimg.com/media/FPQEs_9VIBA-8DA.jpg"
1509836926416822277,"https://twitter.com/FayeRapoDesPres/status/1509836926416822277",nature,"https://pbs.twimg.com/media/FPQErhFX0AQ4A9K.jpg"
1509836732195299331,"https://twitter.com/BootsandBeards/status/1509836732195299331",nature,"https://pbs.twimg.com/media/FPQEgX2XEAAXihC.jpg"
1509836720690253831,"https://twitter.com/FawaShah/status/1509836720690253831",nature,"https://pbs.twimg.com/media/FPMUqDBXsAcOl5U.jpg"
1509836701354573827,"https://twitter.com/Aintright_bl9/status/1509836701354573827",nature,"https://pbs.twimg.com/media/FPQDyXPXoAYBfSM.jpg"
1509836279948759041,"https://twitter.com/stevemad13/status/1509836279948759041",nature,"https://pbs.twimg.com/media/FPQEFtrWYAcWXz6.jpg"
1509836035332714498,"https://twitter.com/TreeGuyLouie/status/1509836035332714498",nature,"https://pbs.twimg.com/media/FPQD15XXIAgTvNa.jpg"
1509835698282577921,"https://twitter.com/ImeldaEmm1a1/status/1509835698282577921",nature,"https://pbs.twimg.com/media/FPQDkEiXEAYzAmk.jpg"
1509835550735278080,"https://twitter.com/animanoiroha/status/1509835550735278080",nature,"https://pbs.twimg.com/media/FPQDbmQVsAgqXkd.jpg"
1509834963532894209,"https://twitter.com/WildlifeofDay/status/1509834963532894209",nature,"https://pbs.twimg.com/media/FPQC5dOWUAA1xia.jpg"
1509834803125829637,"https://twitter.com/MichialeS/status/1509834803125829637",nature,"https://pbs.twimg.com/media/FPQCdaZWYAYK1mC.jpg"
1509834748801212423,"https://twitter.com/tw_donbrilliant/status/1509834748801212423",nature,"https://pbs.twimg.com/media/FPQCrX0WQAE28ry.jpg"
1509834707470536708,"https://twitter.com/Terracegallery/status/1509834707470536708",nature,"https://pbs.twimg.com/media/FOjH_buXIAggwvG.jpg"
1509834707143475208,"https://twitter.com/SamuraiMovieCr1/status/1509834707143475208",nature,"https://pbs.twimg.com/media/FPPLe4lVQAMD7b0.jpg"
1509834553258508294,"https://twitter.com/thejayasri/status/1509834553258508294",nature,"https://pbs.twimg.com/media/FPQCg7hUcAIx4aQ.jpg"
1509834373037793288,"https://twitter.com/Dallaswear_OFL/status/1509834373037793288",nature,"https://pbs.twimg.com/media/FPQBk9cWUAc4kAI.jpg"
1509833870295937029,"https://twitter.com/GreenishFinger/status/1509833870295937029",nature,"https://pbs.twimg.com/media/FPQB5vHXoAcx6qD.jpg"
1509833677576019971,"https://twitter.com/ray_newman/status/1509833677576019971",nature,"https://pbs.twimg.com/media/FPQBuWJXMAYUnXY.jpg"
1509833620655009793,"https://twitter.com/ihasan_2/status/1509833620655009793",nature,"https://pbs.twimg.com/media/FPQBqkUWQAEYP7C.jpg"
1509833503835365377,"https://twitter.com/ImandiU/status/1509833503835365377",nature,"https://pbs.twimg.com/media/FPQBkdPXIAQ03vx.jpg"
1509833419789897731,"https://twitter.com/NatureSey/status/1509833419789897731",nature,"https://pbs.twimg.com/media/FPQBaKhWUAAOv_m.jpg"
1509833235345334283,"https://twitter.com/jrtwynam/status/1509833235345334283",nature,"https://pbs.twimg.com/media/FPQBU5KWYAUJ3e6.jpg"
1509833212280856576,"https://twitter.com/PaultjeNl/status/1509833212280856576",nature,"https://pbs.twimg.com/media/FPQBSRPXsAE42Mn.jpg"
1509833161781522434,"https://twitter.com/jrtwynam/status/1509833161781522434",nature,"https://pbs.twimg.com/media/FPQBQjzWYBIRn_I.jpg"
1509833057926324225,"https://twitter.com/HopkinsComms/status/1509833057926324225",nature,"https://pbs.twimg.com/media/FPQBKl2XwAAnFaT.jpg"
1509832998308352005,"https://twitter.com/murakage_photo/status/1509832998308352005",nature,"https://pbs.twimg.com/media/FPQBGstVEAov00e.jpg"
1509832974379978753,"https://twitter.com/BigCatRescue/status/1509832974379978753",nature,"https://pbs.twimg.com/media/FPQBFjJXMAEgz8Z.jpg"
1509832952623996936,"https://twitter.com/CultureTrip3/status/1509832952623996936",nature,"https://pbs.twimg.com/media/FPHp3RGWQAQ76BD.jpg"
1509832597438083073,"https://twitter.com/YolduzAfg/status/1509832597438083073",nature,"https://pbs.twimg.com/media/FPQAuwDWYAANqlv.jpg"
1509832529276198940,"https://twitter.com/orchidcommittee/status/1509832529276198940",nature,"https://pbs.twimg.com/media/FPP-JIxXwCMtR7c.jpg"
1509831227368521747,"https://twitter.com/Roguy_Glaube1/status/1509831227368521747",nature,"https://pbs.twimg.com/media/FPP-0FaXwBsFVoT.jpg"
1509830791441924155,"https://twitter.com/visit_east/status/1509830791441924155",nature,"https://pbs.twimg.com/media/FPP_GC9XwCE-dLT.jpg"
1509830705144119298,"https://twitter.com/TheRelaxingPond/status/1509830705144119298",nature,"https://pbs.twimg.com/media/FPP_BMPXwAgISez.jpg"
1509830657513603115,"https://twitter.com/tobysamtyler/status/1509830657513603115",nature,"https://pbs.twimg.com/media/FPP--v5XwBQ1fbR.jpg"
1509830430861803522,"https://twitter.com/Plant_Watering/status/1509830430861803522",nature,"https://pbs.twimg.com/media/FPP-xmJX0AEowtz.png"
1509829997543915528,"https://twitter.com/janhavirm1/status/1509829997543915528",nature,"https://pbs.twimg.com/media/FPP-YCcaQAY_svu.jpg"
1509829875615645718,"https://twitter.com/DiscoveryWorl18/status/1509829875615645718",nature,"https://pbs.twimg.com/media/FPP-RT9XwBYECv9.jpg"
1509829735219662849,"https://twitter.com/byingbstudio/status/1509829735219662849",nature,"https://pbs.twimg.com/media/FPP-H_LXsAItDqD.jpg"
1509829624250843142,"https://twitter.com/prabhatk1729/status/1509829624250843142",nature,"https://pbs.twimg.com/media/FPP9yueVkAI9fY6.jpg"
1509829598074355725,"https://twitter.com/bcb_and_photos/status/1509829598074355725",nature,"https://pbs.twimg.com/media/FPP-BLnXwBYBs40.jpg"
1509829512733032448,"https://twitter.com/_MidnightFlight/status/1509829512733032448",nature,"https://pbs.twimg.com/media/FPP93QUacAE-3sK.jpg"
1509829420441387017,"https://twitter.com/bcb_and_photos/status/1509829420441387017",nature,"https://pbs.twimg.com/media/FPP923iXwB0jmN0.jpg"
1509829299997757441,"https://twitter.com/bcb_and_photos/status/1509829299997757441",nature,"https://pbs.twimg.com/media/FPP9vywXwC4d1F3.jpg"
1509829173107474442,"https://twitter.com/ThierryCalmett3/status/1509829173107474442",nature,"https://pbs.twimg.com/media/FPP9jMHXwBwt_35.jpg"
1509829103083569199,"https://twitter.com/bcb_and_photos/status/1509829103083569199",nature,"https://pbs.twimg.com/media/FPP9kYLXwC8yvPW.jpg"
1509828987589214215,"https://twitter.com/ThierryCalmett3/status/1509828987589214215",nature,"https://pbs.twimg.com/media/FPP9cB8XwBYcLRy.jpg"
1509828832580231168,"https://twitter.com/W0rldPlaces/status/1509828832580231168",nature,"https://pbs.twimg.com/media/FPP9UYdXwAIh8W8.jpg"
1509828697536491522,"https://twitter.com/kvscmouli/status/1509828697536491522",nature,"https://pbs.twimg.com/media/FPP8N9qaQAg6ejK.jpg"
1509828654792073216,"https://twitter.com/Birdfeederpic/status/1509828654792073216",nature,"https://pbs.twimg.com/media/FPP9KJ7XwAYL9Is.png"
1509828496129810436,"https://twitter.com/JeanetteJoy/status/1509828496129810436",nature,"https://pbs.twimg.com/media/FPP9BA9XwA0zMhE.jpg"
1509828179808206856,"https://twitter.com/ArianeGermer/status/1509828179808206856",nature,"https://pbs.twimg.com/media/FPP8umwXwBkbWV2.jpg"
1509827998874320948,"https://twitter.com/classe2chris/status/1509827998874320948",nature,"https://pbs.twimg.com/media/FPP8iBMXwCEckGX.jpg"
1509827984563531777,"https://twitter.com/mbaschyr/status/1509827984563531777",nature,"https://pbs.twimg.com/media/FPP8i8EaIAAYZik.jpg"
1509827912765100035,"https://twitter.com/LaKAttitude/status/1509827912765100035",nature,"https://pbs.twimg.com/media/FPPvM1JXIAI2Tf6.jpg"
1509827912639213570,"https://twitter.com/NesreenZ/status/1509827912639213570",nature,"https://pbs.twimg.com/media/FO7eKzRWUAUlQJM.jpg"
1509827871531057177,"https://twitter.com/rafaelporcari/status/1509827871531057177",nature,"https://pbs.twimg.com/media/FPP8cV5XwAgvi2z.jpg"
1509827759270510609,"https://twitter.com/chrisk_nature/status/1509827759270510609",nature,"https://pbs.twimg.com/media/FPP8WEPXwC0iMwf.jpg"
1509827690194518043,"https://twitter.com/IHunt74/status/1509827690194518043",nature,"https://pbs.twimg.com/media/FPP8SGQXwDYRb3h.jpg"
1509827389727342602,"https://twitter.com/ByrdsNStuff/status/1509827389727342602",nature,"https://pbs.twimg.com/media/FPP7-g0XwBctdik.jpg"
1509827159006887943,"https://twitter.com/Bl8za_art/status/1509827159006887943",nature,"https://pbs.twimg.com/media/FPP7K3hWUAEARN9.jpg"
1509827157454995478,"https://twitter.com/DataVizVita/status/1509827157454995478",nature,"https://pbs.twimg.com/media/FO4wqaLWYAE9bD2.jpg"
1509827108255809582,"https://twitter.com/AcyRunway13/status/1509827108255809582",nature,"https://pbs.twimg.com/media/FPP7wORXwDgigEX.jpg"
1509827018317348864,"https://twitter.com/GreenishFinger/status/1509827018317348864",nature,"https://pbs.twimg.com/media/FPP7q1_XwB0OE8K.jpg"
1509827016702541846,"https://twitter.com/bcb_and_photos/status/1509827016702541846",nature,"https://pbs.twimg.com/media/FPP7q8pXwAEAr1V.jpg"
1509826468314226691,"https://twitter.com/admightyindia/status/1509826468314226691",nature,"https://pbs.twimg.com/media/FPP7K7-aAAIb7mH.jpg"
1509826263720075265,"https://twitter.com/bcb_and_photos/status/1509826263720075265",nature,"https://pbs.twimg.com/media/FPP6_HKXwA8fZJC.jpg"
1509826241762934806,"https://twitter.com/_marcosales/status/1509826241762934806",nature,"https://pbs.twimg.com/media/FPP6jx5XwBMzO7m.jpg"
1509825926699401217,"https://twitter.com/McamMelanden/status/1509825926699401217",nature,"https://pbs.twimg.com/media/FPP6o8pXIAIKVD5.jpg"
1509825806402568205,"https://twitter.com/bcb_and_photos/status/1509825806402568205",nature,"https://pbs.twimg.com/media/FPP6kefXwCIiVih.jpg"
1509825647547334656,"https://twitter.com/womenwritersnet/status/1509825647547334656",nature,"https://pbs.twimg.com/media/FO8GThXXoAEmmgv.jpg"
1509825489741004821,"https://twitter.com/Wokingmind/status/1509825489741004821",nature,"https://pbs.twimg.com/media/FPP6R-pXwCosXDd.jpg"
1509825465258852353,"https://twitter.com/CatharineYogi/status/1509825465258852353",nature,"https://pbs.twimg.com/media/FPP5_KwXwA0FWm0.jpg"
1509825435030503428,"https://twitter.com/BITC/status/1509825435030503428",nature,"https://pbs.twimg.com/media/FPP6O1QXwAkGlDp.jpg"
1509824939339264001,"https://twitter.com/avesibericas/status/1509824939339264001",nature,"https://pbs.twimg.com/media/FPP5wKSXwA0DpA_.jpg"
1509824635289976870,"https://twitter.com/yoga_ireland/status/1509824635289976870",nature,"https://pbs.twimg.com/media/FPP4GZaXwA8fRX0.jpg"
1509823510289731590,"https://twitter.com/TakeTJ1/status/1509823510289731590",nature,"https://pbs.twimg.com/media/FPP4ehUaAAIGQBn.jpg"
1509823461841338370,"https://twitter.com/TakeTJ1/status/1509823461841338370",nature,"https://pbs.twimg.com/media/FPP4b18agAM87iz.jpg"
1509823409781620736,"https://twitter.com/TakeTJ1/status/1509823409781620736",nature,"https://pbs.twimg.com/media/FPP4Y2TaUAUOP4r.jpg"
1509822780342259714,"https://twitter.com/CT_Wanderer/status/1509822780342259714",nature,"https://pbs.twimg.com/media/FPP3yu5XsAMgReo.jpg"
1509822479958786077,"https://twitter.com/IobcTeam3/status/1509822479958786077",nature,"https://pbs.twimg.com/media/FPP3i2aXwAknqMq.jpg"
1509822292897177600,"https://twitter.com/K_emitame/status/1509822292897177600",nature,"https://pbs.twimg.com/media/FPP3X6aagA03xBc.jpg"
1509821910481256449,"https://twitter.com/ameensajwani/status/1509821910481256449",nature,"https://pbs.twimg.com/media/FPP3BmzXwBsc5j-.jpg"
1509821181477629959,"https://twitter.com/smeetamishra/status/1509821181477629959",nature,"https://pbs.twimg.com/media/FPP1pi7VgAg6aZ8.jpg"
1509820866082717700,"https://twitter.com/Montecrossa/status/1509820866082717700",nature,"https://pbs.twimg.com/media/FPPFSq2XsBoEPBJ.jpg"
1509820501618835481,"https://twitter.com/rebsahinlove/status/1509820501618835481",nature,"https://pbs.twimg.com/media/FPP1vnbXsAEmg9y.jpg"
1509820103562518528,"https://twitter.com/TCVYork/status/1509820103562518528",nature,"https://pbs.twimg.com/media/FPP1KFoXwB4u3zt.jpg"
1509819956950671361,"https://twitter.com/Bambigoesforth/status/1509819956950671361",nature,"https://pbs.twimg.com/media/FPP1PpgWYAA8SCF.jpg"
1509819871156224009,"https://twitter.com/Lovenature26/status/1509819871156224009",nature,"https://pbs.twimg.com/media/FPP1K5mXwBQ9krk.jpg"
1509819673092665348,"https://twitter.com/lindayzeng/status/1509819673092665348",nature,"https://pbs.twimg.com/media/FPP09R0VEAUN30G.jpg"
1509819490049183747,"https://twitter.com/MaliHalls/status/1509819490049183747",nature,"https://pbs.twimg.com/media/FPP0ZVOWQAACfqu.jpg"
1509819382742106147,"https://twitter.com/visit_gibraltar/status/1509819382742106147",nature,"https://pbs.twimg.com/media/FPP0uV6WUAA6Lkp.jpg"
1509818833753849861,"https://twitter.com/UmWeltDenken/status/1509818833753849861",nature,"https://pbs.twimg.com/media/FPP0KnCXwAsPVb3.jpg"
1509818394039795737,"https://twitter.com/Opie_insectes/status/1509818394039795737",nature,"https://pbs.twimg.com/media/FPPz1BiWUAAOwVS.jpg"
1509818334388314114,"https://twitter.com/Vinehousefarm/status/1509818334388314114",nature,"https://pbs.twimg.com/media/FPPzxjqXwA4ZSNh.jpg"
1509818301601529871,"https://twitter.com/DervSwerve/status/1509818301601529871",nature,"https://pbs.twimg.com/media/FPPzvhpXsAA078n.jpg"
1509818235897757721,"https://twitter.com/MAHenry20/status/1509818235897757721",nature,"https://pbs.twimg.com/media/FPPzrtTXoAIQn08.jpg"
1509818158210822147,"https://twitter.com/Enigma6077/status/1509818158210822147",nature,"https://pbs.twimg.com/media/FPPznMIXwBMfHGo.jpg"
1509818157195837451,"https://twitter.com/brisscifilm/status/1509818157195837451",nature,"https://pbs.twimg.com/media/FPPznKGXwAMQisN.jpg"
1509818149616730131,"https://twitter.com/trebahgarden/status/1509818149616730131",nature,"https://pbs.twimg.com/media/FPPzmn1XwAcjUvc.jpg"
1509817862487097351,"https://twitter.com/sz_mediagroup/status/1509817862487097351",nature,"https://pbs.twimg.com/media/FPPlnTRVkAEdUqH.jpg"
1509817772523634699,"https://twitter.com/_marcosales/status/1509817772523634699",nature,"https://pbs.twimg.com/media/FPPy_PHXwB0n_8g.jpg"
1509817771466670086,"https://twitter.com/designplanar/status/1509817771466670086",nature,"https://pbs.twimg.com/media/FPPzQquXwAo-yEA.jpg"
1509817581636665366,"https://twitter.com/domagojsever/status/1509817581636665366",nature,"https://pbs.twimg.com/media/FPPy1ruWUAAZjlw.jpg"
1509817444696834048,"https://twitter.com/KarenCoxPhoto/status/1509817444696834048",nature,"https://pbs.twimg.com/media/FPPy9s2WYAALsQl.jpg"
1509817340933951489,"https://twitter.com/gerrydalyart/status/1509817340933951489",nature,"https://pbs.twimg.com/media/FPPyWTFXwAYG2b4.jpg"
1509817226446184448,"https://twitter.com/Twitt_twoo92/status/1509817226446184448",nature,"https://pbs.twimg.com/media/FPPywZYXMAAA1J4.jpg"
1509816955053785122,"https://twitter.com/start01111/status/1509816955053785122",nature,"https://pbs.twimg.com/media/FPPxce6X0AIDeV0.jpg"
1509816765097951256,"https://twitter.com/GroussinV/status/1509816765097951256",nature,"https://pbs.twimg.com/media/FPPyKRGXsAM8Tth.jpg"
1509816517634015244,"https://twitter.com/StTeresasUp/status/1509816517634015244",nature,"https://pbs.twimg.com/media/FPPxPeIXwAg61n8.jpg"
1509815310551072773,"https://twitter.com/DA_WestFife/status/1509815310551072773",nature,"https://pbs.twimg.com/media/FPPxBh1XwBci9EN.jpg"
1509815262505476100,"https://twitter.com/CuteCanvasCo/status/1509815262505476100",nature,"https://pbs.twimg.com/media/FPPw-bLVsAIxMAr.jpg"
1509814929192329217,"https://twitter.com/AndrewEHalliday/status/1509814929192329217",nature,"https://pbs.twimg.com/media/FPPwrTjXwA4D3y5.jpg"
1509814682974052356,"https://twitter.com/outdoor_gearweb/status/1509814682974052356",nature,"https://pbs.twimg.com/media/FPPwUJ3XwAkMHOG.jpg"
1509814096547352578,"https://twitter.com/IamCalmy/status/1509814096547352578",nature,"https://pbs.twimg.com/media/FPPv5tLVkAEwGQ1.jpg"
1509813980570828818,"https://twitter.com/TheTiny_Earth/status/1509813980570828818",nature,"https://pbs.twimg.com/media/FPPvzkXXwCAMLo6.jpg"
1509813891655680000,"https://twitter.com/azlidb/status/1509813891655680000",nature,"https://pbs.twimg.com/media/FPPvuwsXwAUrD1I.jpg"
1509813650919661573,"https://twitter.com/TakeTJ1/status/1509813650919661573",nature,"https://pbs.twimg.com/media/FPPvgtlagAQqXN2.jpg"
1509813633186144260,"https://twitter.com/TakeTJ1/status/1509813633186144260",nature,"https://pbs.twimg.com/media/FPPvfomagAU9OgP.jpg"
1509813604203503618,"https://twitter.com/TakeTJ1/status/1509813604203503618",nature,"https://pbs.twimg.com/media/FPPveEGaIAQntoI.jpg"
1509813472934219778,"https://twitter.com/tony4gyp/status/1509813472934219778",nature,"https://pbs.twimg.com/media/FPPvWYdXwAkW03N.jpg"
1509813156046000128,"https://twitter.com/heiji09957955/status/1509813156046000128",nature,"https://pbs.twimg.com/media/FPPu3Y1VsAETVtr.jpg"
1509812830886936582,"https://twitter.com/greenopalmedia/status/1509812830886936582",nature,"https://pbs.twimg.com/media/FPPuw_oXwBcXr_F.jpg"
